<?xml version="1.0" encoding="UTF-8"?>

<!-- generated on 2024-10-15 10:05:13.298756 by osmWebWizard.py v1_21_0+0000-d7b3b481c43
<configuration>
    <net-file value="C:\Users\laboratorio\Sumo\2024-10-15-10-05-07\osm.net.xml.gz"/>
    <output-trip-file value="C:\Users\laboratorio\Sumo\2024-10-15-10-05-07\osm.passenger.trips.xml"/>
    <route-file value="C:\Users\laboratorio\Sumo\2024-10-15-10-05-07\osm.passenger.rou.xml"/>
    <prefix value="veh"/>
    <trip-attributes value="departLane=&quot;best&quot;"/>
    <fringe-start-attributes value="departSpeed=&quot;max&quot;"/>
    <vehicle-class value="passenger"/>
    <lanes value="True"/>
    <fringe-factor value="5"/>
    <allow-fringe.min-length value="1000.0"/>
    <via-edge-types value="highway.motorway,highway.motorway_link,highway.trunk_link,highway.primary_link,highway.secondary_link,highway.tertiary_link"/>
    <min-distance value="300.0"/>
    <min-distance.fringe value="10.0"/>
    <remove-loops value="True"/>
    <validate value="True"/>
    <insertion-density value="50.0"/>
</configuration>
-->

<!-- generated on 2024-10-15 10:05:13 by Eclipse SUMO duarouter Version 1.21.0
<duarouterConfiguration xmlns:xsi="http://www.w3.org/2001/XMLSchema-instance" xsi:noNamespaceSchemaLocation="http://sumo.dlr.de/xsd/duarouterConfiguration.xsd">

    <input>
        <net-file value="C:\Users\laboratorio\Sumo\2024-10-15-10-05-07\osm.net.xml.gz"/>
        <route-files value="C:\Users\laboratorio\Sumo\2024-10-15-10-05-07\osm.passenger.trips.xml"/>
    </input>

    <output>
        <output-file value="C:\Users\laboratorio\Sumo\2024-10-15-10-05-07\osm.passenger.trips.xml.tmp"/>
        <alternatives-output value="NUL"/>
        <write-trips value="true"/>
    </output>

    <processing>
        <remove-loops value="true"/>
    </processing>

    <time>
        <begin value="0.0"/>
        <end value="3600.0"/>
    </time>

    <report>
        <no-warnings value="true"/>
        <ignore-errors value="true"/>
        <no-step-log value="true"/>
    </report>

</duarouterConfiguration>
-->

<routes xmlns:xsi="http://www.w3.org/2001/XMLSchema-instance" xsi:noNamespaceSchemaLocation="http://sumo.dlr.de/xsd/routes_file.xsd">
    <vType id="veh_passenger" vClass="passenger"/>
    <trip id="veh0" type="veh_passenger" depart="0.00" departLane="best" from="50301275#2" to="396388575#1"/>
    <trip id="veh1" type="veh_passenger" depart="7.49" departLane="best" from="193133881#0" to="360935210"/>
    <trip id="veh2" type="veh_passenger" depart="14.98" departLane="best" from="-193133881#2" to="204414168"/>
    <trip id="veh4" type="veh_passenger" depart="29.97" departLane="best" from="193133881#1" to="368091971#1"/>
    <trip id="veh5" type="veh_passenger" depart="37.46" departLane="best" departSpeed="max" from="474643000" to="-193133879#1"/>
    <trip id="veh6" type="veh_passenger" depart="44.95" departLane="best" departSpeed="max" from="474643000" to="458003900"/>
    <trip id="veh7" type="veh_passenger" depart="52.44" departLane="best" from="556516580#0" to="232064217#0"/>
    <trip id="veh8" type="veh_passenger" depart="59.94" departLane="best" departSpeed="max" from="-396388573" to="396388561#1"/>
    <trip id="veh9" type="veh_passenger" depart="67.43" departLane="best" from="50301275#0" to="396388562"/>
    <trip id="veh10" type="veh_passenger" depart="74.92" departLane="best" departSpeed="max" from="474643000" to="396388567#1"/>
    <trip id="veh11" type="veh_passenger" depart="82.41" departLane="best" from="396388565" to="-344153354"/>
    <trip id="veh12" type="veh_passenger" depart="89.90" departLane="best" departSpeed="max" from="-396388567#1" to="231292994#2"/>
    <trip id="veh13" type="veh_passenger" depart="97.40" departLane="best" departSpeed="max" from="-396388573" to="231295698#3"/>
    <trip id="veh16" type="veh_passenger" depart="119.87" departLane="best" departSpeed="max" from="1228261601" to="232064218#0"/>
    <trip id="veh17" type="veh_passenger" depart="127.36" departLane="best" departSpeed="max" from="360938627#0" to="474821610"/>
    <trip id="veh18" type="veh_passenger" depart="134.86" departLane="best" from="474821610" to="499724241"/>
    <trip id="veh19" type="veh_passenger" depart="142.35" departLane="best" from="193269585" to="-193133881#2"/>
    <trip id="veh20" type="veh_passenger" depart="149.84" departLane="best" from="547090203#1" to="341783022#1"/>
    <trip id="veh21" type="veh_passenger" depart="157.33" departLane="best" from="231292994#0" to="231295698#2"/>
    <trip id="veh22" type="veh_passenger" depart="164.83" departLane="best" departSpeed="max" from="360938627#0" to="231295698#3"/>
    <trip id="veh23" type="veh_passenger" depart="172.32" departLane="best" from="990433207" to="360935210"/>
    <trip id="veh24" type="veh_passenger" depart="179.81" departLane="best" departSpeed="max" from="-396388567#1" to="232064218#2"/>
    <trip id="veh26" type="veh_passenger" depart="194.79" departLane="best" from="-458003896" to="239921367#2"/>
    <trip id="veh27" type="veh_passenger" depart="202.29" departLane="best" from="341783022#1" to="556516580#0"/>
    <trip id="veh28" type="veh_passenger" depart="209.78" departLane="best" from="556516580#0" to="231295698#3"/>
    <trip id="veh31" type="veh_passenger" depart="232.25" departLane="best" from="362635571" to="193133880#0"/>
    <trip id="veh32" type="veh_passenger" depart="239.75" departLane="best" from="465064352#1" to="362635573"/>
    <trip id="veh33" type="veh_passenger" depart="247.24" departLane="best" from="-193133881#0" to="554554486#0"/>
    <trip id="veh34" type="veh_passenger" depart="254.73" departLane="best" departSpeed="max" from="-396388573" to="360935210"/>
    <trip id="veh35" type="veh_passenger" depart="262.22" departLane="best" departSpeed="max" from="-396388567#1" to="474821610"/>
    <trip id="veh36" type="veh_passenger" depart="269.71" departLane="best" from="465064352#1" to="-458003902"/>
    <trip id="veh38" type="veh_passenger" depart="284.70" departLane="best" from="231958642#0" to="396388573"/>
    <trip id="veh39" type="veh_passenger" depart="292.19" departLane="best" from="239921367#3" to="360935210"/>
    <trip id="veh40" type="veh_passenger" depart="299.68" departLane="best" from="471132227" to="231292994#1"/>
    <trip id="veh41" type="veh_passenger" depart="307.17" departLane="best" from="232064217#1" to="368091971#1"/>
    <trip id="veh42" type="veh_passenger" depart="314.67" departLane="best" from="193269585" to="231292994#1"/>
    <trip id="veh43" type="veh_passenger" depart="322.16" departLane="best" from="193269585" to="551951250"/>
    <trip id="veh44" type="veh_passenger" depart="329.65" departLane="best" from="50301275#1" to="-373419659"/>
    <trip id="veh45" type="veh_passenger" depart="337.14" departLane="best" departSpeed="max" from="344153354" to="499724241"/>
    <trip id="veh46" type="veh_passenger" depart="344.63" departLane="best" departSpeed="max" from="474643000" to="199421786"/>
    <trip id="veh47" type="veh_passenger" depart="352.13" departLane="best" from="239921367#0" to="360935200"/>
    <trip id="veh48" type="veh_passenger" depart="359.62" departLane="best" from="50301275#2" to="396388575#0"/>
    <trip id="veh49" type="veh_passenger" depart="367.11" departLane="best" from="232064218#3" to="231958642#2"/>
    <trip id="veh50" type="veh_passenger" depart="374.60" departLane="best" from="50301275#1" to="231295698#2"/>
    <trip id="veh51" type="veh_passenger" depart="382.09" departLane="best" departSpeed="max" from="1228261601" to="239921367#3"/>
    <trip id="veh52" type="veh_passenger" depart="389.59" departLane="best" from="239921367#0" to="231295698#3"/>
    <trip id="veh53" type="veh_passenger" depart="397.08" departLane="best" departSpeed="max" from="360938627#0" to="-344153354"/>
    <trip id="veh54" type="veh_passenger" depart="404.57" departLane="best" from="50301275#0" to="193133881#1"/>
    <trip id="veh57" type="veh_passenger" depart="427.05" departLane="best" departSpeed="max" from="360938627#0" to="-458003902"/>
    <trip id="veh58" type="veh_passenger" depart="434.54" departLane="best" from="-396388567#0" to="368091971#1"/>
    <trip id="veh60" type="veh_passenger" depart="449.52" departLane="best" departSpeed="max" from="1228261601" to="556516580#0"/>
    <trip id="veh61" type="veh_passenger" depart="457.02" departLane="best" from="50676753" to="231295698#2"/>
    <trip id="veh62" type="veh_passenger" depart="464.51" departLane="best" departSpeed="max" from="360938965#0" to="396388567#1"/>
    <trip id="veh64" type="veh_passenger" depart="479.49" departLane="best" from="193406092#2" to="232064218#3"/>
    <trip id="veh65" type="veh_passenger" depart="486.98" departLane="best" departSpeed="max" from="373419659" to="231295698#3"/>
    <trip id="veh66" type="veh_passenger" depart="494.48" departLane="best" from="232064217#4" to="474821610"/>
    <trip id="veh67" type="veh_passenger" depart="501.97" departLane="best" departSpeed="max" from="-396388567#1" to="341783022#1"/>
    <trip id="veh68" type="veh_passenger" depart="509.46" departLane="best" departSpeed="max" from="-396388567#1" to="231292994#0"/>
    <trip id="veh69" type="veh_passenger" depart="516.95" departLane="best" from="556516580#0" to="551951250"/>
    <trip id="veh71" type="veh_passenger" depart="531.94" departLane="best" departSpeed="max" from="474643000" to="231295698#3"/>
    <trip id="veh72" type="veh_passenger" depart="539.43" departLane="best" departSpeed="max" from="373419659" to="554554486#1"/>
    <trip id="veh73" type="veh_passenger" depart="546.92" departLane="best" departSpeed="max" from="-499724241" to="-410386159"/>
    <trip id="veh74" type="veh_passenger" depart="554.41" departLane="best" from="231292994#1" to="396388562"/>
    <trip id="veh75" type="veh_passenger" depart="561.90" departLane="best" from="368091950#0" to="231295698#3"/>
    <trip id="veh77" type="veh_passenger" depart="576.89" departLane="best" from="474821610" to="-396388561#0"/>
    <trip id="veh78" type="veh_passenger" depart="584.38" departLane="best" from="239921367#0" to="231295698#3"/>
    <trip id="veh79" type="veh_passenger" depart="591.87" departLane="best" from="-193132133" to="499724241"/>
    <trip id="veh80" type="veh_passenger" depart="599.36" departLane="best" from="368091953" to="231295698#3"/>
    <trip id="veh81" type="veh_passenger" depart="606.86" departLane="best" from="239921367#2" to="-193133880#0"/>
    <trip id="veh82" type="veh_passenger" depart="614.35" departLane="best" departSpeed="max" from="-396388567#1" to="551951250"/>
    <trip id="veh83" type="veh_passenger" depart="621.84" departLane="best" departSpeed="max" from="-499724241" to="-458003902"/>
    <trip id="veh84" type="veh_passenger" depart="629.33" departLane="best" from="231958642#0" to="551951250"/>
    <trip id="veh85" type="veh_passenger" depart="636.82" departLane="best" departSpeed="max" from="474643000" to="547090203#1"/>
    <trip id="veh86" type="veh_passenger" depart="644.32" departLane="best" from="-396388567#0" to="231292994#0"/>
    <trip id="veh87" type="veh_passenger" depart="651.81" departLane="best" from="204414168" to="-396388564"/>
    <trip id="veh88" type="veh_passenger" depart="659.30" departLane="best" from="465064352#2" to="551951250"/>
    <trip id="veh89" type="veh_passenger" depart="666.79" departLane="best" from="232064218#4" to="396388567#1"/>
    <trip id="veh90" type="veh_passenger" depart="674.28" departLane="best" departSpeed="max" from="1228261601" to="554554486#1"/>
    <trip id="veh91" type="veh_passenger" depart="681.78" departLane="best" from="50301275#2" to="980733856"/>
    <trip id="veh92" type="veh_passenger" depart="689.27" departLane="best" departSpeed="max" from="474643000" to="551951250"/>
    <trip id="veh94" type="veh_passenger" depart="704.25" departLane="best" from="232064217#0" to="554554486#1"/>
    <trip id="veh95" type="veh_passenger" depart="711.75" departLane="best" departSpeed="max" from="474643000" to="547090203#1"/>
    <trip id="veh96" type="veh_passenger" depart="719.24" departLane="best" departSpeed="max" from="474643000" to="231295698#3"/>
    <trip id="veh97" type="veh_passenger" depart="726.73" departLane="best" from="193133881#1" to="50301275#2"/>
    <trip id="veh98" type="veh_passenger" depart="734.22" departLane="best" departSpeed="max" from="344153354" to="231958642#0"/>
    <trip id="veh99" type="veh_passenger" depart="741.71" departLane="best" departSpeed="max" from="474643000" to="231292994#2"/>
    <trip id="veh100" type="veh_passenger" depart="749.21" departLane="best" from="-193133881#1" to="204414168"/>
    <trip id="veh102" type="veh_passenger" depart="764.19" departLane="best" from="980733857#0" to="362635573"/>
    <trip id="veh103" type="veh_passenger" depart="771.68" departLane="best" from="554554486#1" to="-410386159"/>
    <trip id="veh105" type="veh_passenger" depart="786.67" departLane="best" from="556516580#0" to="231295698#3"/>
    <trip id="veh106" type="veh_passenger" depart="794.16" departLane="best" from="50301275#2" to="231958642#1"/>
    <trip id="veh107" type="veh_passenger" depart="801.65" departLane="best" from="362635571" to="360935210"/>
    <trip id="veh109" type="veh_passenger" depart="816.63" departLane="best" from="-193132133" to="554554486#0"/>
    <trip id="veh111" type="veh_passenger" depart="831.62" departLane="best" from="465064352#0" to="396388573"/>
    <trip id="veh112" type="veh_passenger" depart="839.11" departLane="best" from="232064218#0" to="-373419659"/>
    <trip id="veh113" type="veh_passenger" depart="846.60" departLane="best" departSpeed="max" from="373419659" to="232064217#0"/>
    <trip id="veh114" type="veh_passenger" depart="854.09" departLane="best" from="396388575#1" to="231295698#3"/>
    <trip id="veh115" type="veh_passenger" depart="861.59" departLane="best" from="232064218#3" to="231295698#3"/>
    <trip id="veh116" type="veh_passenger" depart="869.08" departLane="best" departSpeed="max" from="-499724241" to="232064218#4"/>
    <trip id="veh117" type="veh_passenger" depart="876.57" departLane="best" from="547090203#0" to="396388567#1"/>
    <trip id="veh119" type="veh_passenger" depart="891.55" departLane="best" from="-193132133" to="231295698#3"/>
    <trip id="veh120" type="veh_passenger" depart="899.05" departLane="best" from="239921367#3" to="231292994#0"/>
    <trip id="veh121" type="veh_passenger" depart="906.54" departLane="best" departSpeed="max" from="344153354" to="551951250"/>
    <trip id="veh122" type="veh_passenger" depart="914.03" departLane="best" departSpeed="max" from="474643000" to="193133881#2"/>
    <trip id="veh123" type="veh_passenger" depart="921.52" departLane="best" departSpeed="max" from="-396388573" to="360935210"/>
    <trip id="veh124" type="veh_passenger" depart="929.01" departLane="best" departSpeed="max" from="474643000" to="-458003902"/>
    <trip id="veh125" type="veh_passenger" depart="936.51" departLane="best" departSpeed="max" from="373419659" to="231292994#1"/>
    <trip id="veh126" type="veh_passenger" depart="944.00" departLane="best" from="199421786" to="360935210"/>
    <trip id="veh127" type="veh_passenger" depart="951.49" departLane="best" from="50301275#0" to="-373419659"/>
    <trip id="veh128" type="veh_passenger" depart="958.98" departLane="best" from="232064218#4" to="396388567#1"/>
    <trip id="veh131" type="veh_passenger" depart="981.46" departLane="best" from="465064352#0" to="499724241"/>
    <trip id="veh132" type="veh_passenger" depart="988.95" departLane="best" departSpeed="max" from="1228261601" to="556516580#0"/>
    <trip id="veh134" type="veh_passenger" depart="1003.94" departLane="best" departSpeed="max" from="344153354" to="50301275#1"/>
    <trip id="veh135" type="veh_passenger" depart="1011.43" departLane="best" departSpeed="max" from="373419659" to="986774344#0"/>
    <trip id="veh136" type="veh_passenger" depart="1018.92" departLane="best" departSpeed="max" from="360938965#0" to="554557929#0"/>
    <trip id="veh137" type="veh_passenger" depart="1026.41" departLane="best" from="396388575#0" to="360935210"/>
    <trip id="veh138" type="veh_passenger" depart="1033.90" departLane="best" departSpeed="max" from="474643000" to="368091925"/>
    <trip id="veh139" type="veh_passenger" depart="1041.40" departLane="best" from="-396388567#0" to="471132224"/>
    <trip id="veh140" type="veh_passenger" depart="1048.89" departLane="best" departSpeed="max" from="344153354" to="231295698#3"/>
    <trip id="veh141" type="veh_passenger" depart="1056.38" departLane="best" from="465064352#1" to="360938965#1"/>
    <trip id="veh142" type="veh_passenger" depart="1063.87" departLane="best" from="368091950#0" to="231295698#3"/>
    <trip id="veh143" type="veh_passenger" depart="1071.36" departLane="best" departSpeed="max" from="-396388567#1" to="231295698#3"/>
    <trip id="veh144" type="veh_passenger" depart="1078.86" departLane="best" from="231292994#1" to="231958642#2"/>
    <trip id="veh145" type="veh_passenger" depart="1086.35" departLane="best" departSpeed="max" from="360938627#0" to="-990433207"/>
    <trip id="veh146" type="veh_passenger" depart="1093.84" departLane="best" from="193269585" to="474821610"/>
    <trip id="veh147" type="veh_passenger" depart="1101.33" departLane="best" from="396388569#0" to="-344153354"/>
    <trip id="veh148" type="veh_passenger" depart="1108.82" departLane="best" from="232064218#4" to="362635577"/>
    <trip id="veh149" type="veh_passenger" depart="1116.32" departLane="best" from="239921367#0" to="551951250"/>
    <trip id="veh150" type="veh_passenger" depart="1123.81" departLane="best" from="50301275#1" to="499724241"/>
    <trip id="veh151" type="veh_passenger" depart="1131.30" departLane="best" from="232064218#2" to="-193133879#1"/>
    <trip id="veh152" type="veh_passenger" depart="1138.79" departLane="best" from="232064217#3" to="474821610"/>
    <trip id="veh153" type="veh_passenger" depart="1146.28" departLane="best" from="50301275#0" to="556516580#0"/>
    <trip id="veh154" type="veh_passenger" depart="1153.78" departLane="best" from="239921367#0" to="-458003902"/>
    <trip id="veh155" type="veh_passenger" depart="1161.27" departLane="best" departSpeed="max" from="360938627#0" to="396388562"/>
    <trip id="veh156" type="veh_passenger" depart="1168.76" departLane="best" from="239921367#3" to="-193133881#2"/>
    <trip id="veh157" type="veh_passenger" depart="1176.25" departLane="best" from="232064217#0" to="396388575#1"/>
    <trip id="veh158" type="veh_passenger" depart="1183.74" departLane="best" from="232064218#4" to="193133881#1"/>
    <trip id="veh159" type="veh_passenger" depart="1191.24" departLane="best" departSpeed="max" from="344153354" to="-458003902"/>
    <trip id="veh160" type="veh_passenger" depart="1198.73" departLane="best" from="368091925" to="-193133881#1"/>
    <trip id="veh161" type="veh_passenger" depart="1206.22" departLane="best" departSpeed="max" from="-499724241" to="341783022#1"/>
    <trip id="veh162" type="veh_passenger" depart="1213.71" departLane="best" from="-396388564" to="232064218#0"/>
    <trip id="veh163" type="veh_passenger" depart="1221.21" departLane="best" from="204414168" to="-373419659"/>
    <trip id="veh164" type="veh_passenger" depart="1228.70" departLane="best" from="-193133881#0" to="362635573"/>
    <trip id="veh166" type="veh_passenger" depart="1243.68" departLane="best" from="-471132224" to="396388573"/>
    <trip id="veh167" type="veh_passenger" depart="1251.17" departLane="best" from="396388564" to="499724241"/>
    <trip id="veh168" type="veh_passenger" depart="1258.67" departLane="best" from="465064352#0" to="-410386159"/>
    <trip id="veh169" type="veh_passenger" depart="1266.16" departLane="best" from="50783252" to="-193133881#1"/>
    <trip id="veh170" type="veh_passenger" depart="1273.65" departLane="best" from="396388575#0" to="-373419659"/>
    <trip id="veh171" type="veh_passenger" depart="1281.14" departLane="best" from="396388561#1" to="396388567#1"/>
    <trip id="veh172" type="veh_passenger" depart="1288.63" departLane="best" departSpeed="max" from="-396388573" to="499724241"/>
    <trip id="veh173" type="veh_passenger" depart="1296.13" departLane="best" from="50301275#0" to="396388561#1"/>
    <trip id="veh174" type="veh_passenger" depart="1303.62" departLane="best" from="471132227" to="980733857#0"/>
    <trip id="veh176" type="veh_passenger" depart="1318.60" departLane="best" from="50301275#0" to="503896685"/>
    <trip id="veh177" type="veh_passenger" depart="1326.09" departLane="best" from="396388569#0" to="239921367#2"/>
    <trip id="veh178" type="veh_passenger" depart="1333.59" departLane="best" departSpeed="max" from="474643000" to="-373419659"/>
    <trip id="veh179" type="veh_passenger" depart="1341.08" departLane="best" from="50676753" to="231295698#0"/>
    <trip id="veh180" type="veh_passenger" depart="1348.57" departLane="best" departSpeed="max" from="344153354" to="-396388565"/>
    <trip id="veh181" type="veh_passenger" depart="1356.06" departLane="best" from="232064218#2" to="-193133881#2"/>
    <trip id="veh182" type="veh_passenger" depart="1363.55" departLane="best" from="50301275#0" to="193406092#1"/>
    <trip id="veh183" type="veh_passenger" depart="1371.05" departLane="best" from="193133880#1" to="50301275#0"/>
    <trip id="veh184" type="veh_passenger" depart="1378.54" departLane="best" from="396388564" to="231295698#3"/>
    <trip id="veh186" type="veh_passenger" depart="1393.52" departLane="best" departSpeed="max" from="-396388573" to="231292994#1"/>
    <trip id="veh187" type="veh_passenger" depart="1401.01" departLane="best" departSpeed="max" from="360938965#0" to="360935200"/>
    <trip id="veh188" type="veh_passenger" depart="1408.51" departLane="best" departSpeed="max" from="360938627#0" to="239921367#0"/>
    <trip id="veh189" type="veh_passenger" depart="1416.00" departLane="best" from="465064352#0" to="232064217#0"/>
    <trip id="veh190" type="veh_passenger" depart="1423.49" departLane="best" from="396388565" to="231295698#3"/>
    <trip id="veh191" type="veh_passenger" depart="1430.98" departLane="best" from="204414168" to="-458003896"/>
    <trip id="veh192" type="veh_passenger" depart="1438.47" departLane="best" departSpeed="max" from="360938627#0" to="474821610"/>
    <trip id="veh193" type="veh_passenger" depart="1445.97" departLane="best" departSpeed="max" from="1228261601" to="231292994#1"/>
    <trip id="veh194" type="veh_passenger" depart="1453.46" departLane="best" from="231292994#2" to="-396388564"/>
    <trip id="veh195" type="veh_passenger" depart="1460.95" departLane="best" departSpeed="max" from="1228261601" to="231292994#2"/>
    <trip id="veh196" type="veh_passenger" depart="1468.44" departLane="best" departSpeed="max" from="360938627#0" to="231295698#3"/>
    <trip id="veh197" type="veh_passenger" depart="1475.93" departLane="best" from="50301275#2" to="360935210"/>
    <trip id="veh198" type="veh_passenger" depart="1483.43" departLane="best" departSpeed="max" from="1228261601" to="-344153354"/>
    <trip id="veh199" type="veh_passenger" depart="1490.92" departLane="best" from="554554486#1" to="360935210"/>
    <trip id="veh200" type="veh_passenger" depart="1498.41" departLane="best" from="193269585" to="193133879#1"/>
    <trip id="veh201" type="veh_passenger" depart="1505.90" departLane="best" departSpeed="max" from="360938627#0" to="231958642#0"/>
    <trip id="veh202" type="veh_passenger" depart="1513.40" departLane="best" from="465064352#1" to="396388564"/>
    <trip id="veh203" type="veh_passenger" depart="1520.89" departLane="best" departSpeed="max" from="474643000" to="231292994#2"/>
    <trip id="veh205" type="veh_passenger" depart="1535.87" departLane="best" from="458003900" to="554557929#0"/>
    <trip id="veh206" type="veh_passenger" depart="1543.36" departLane="best" departSpeed="max" from="1228261601" to="-373419659"/>
    <trip id="veh207" type="veh_passenger" depart="1550.86" departLane="best" from="-193132133" to="239921367#3"/>
    <trip id="veh209" type="veh_passenger" depart="1565.84" departLane="best" from="396388565" to="341783022#1"/>
    <trip id="veh210" type="veh_passenger" depart="1573.33" departLane="best" from="396388561#0" to="554554486#0"/>
    <trip id="veh212" type="veh_passenger" depart="1588.32" departLane="best" departSpeed="max" from="474643000" to="-373419659"/>
    <trip id="veh213" type="veh_passenger" depart="1595.81" departLane="best" from="465064352#0" to="368091953"/>
    <trip id="veh215" type="veh_passenger" depart="1610.79" departLane="best" from="554554486#1" to="360935210"/>
    <trip id="veh217" type="veh_passenger" depart="1625.78" departLane="best" from="-396388561#0" to="239921367#2"/>
    <trip id="veh218" type="veh_passenger" depart="1633.27" departLane="best" departSpeed="max" from="-396388573" to="503896685"/>
    <trip id="veh219" type="veh_passenger" depart="1640.76" departLane="best" departSpeed="max" from="373419659" to="231295698#3"/>
    <trip id="veh220" type="veh_passenger" depart="1648.25" departLane="best" from="-396388561#0" to="474821610"/>
    <trip id="veh221" type="veh_passenger" depart="1655.74" departLane="best" departSpeed="max" from="360938965#0" to="396388567#1"/>
    <trip id="veh223" type="veh_passenger" depart="1670.73" departLane="best" departSpeed="max" from="373419659" to="547090203#0"/>
    <trip id="veh224" type="veh_passenger" depart="1678.22" departLane="best" from="232064217#0" to="474821610"/>
    <trip id="veh226" type="veh_passenger" depart="1693.20" departLane="best" departSpeed="max" from="474643000" to="368091950#0"/>
    <trip id="veh227" type="veh_passenger" depart="1700.70" departLane="best" from="341783022#1" to="231958642#1"/>
    <trip id="veh228" type="veh_passenger" depart="1708.19" departLane="best" from="232064217#1" to="980733855#0"/>
    <trip id="veh229" type="veh_passenger" depart="1715.68" departLane="best" from="231958642#0" to="396388573"/>
    <trip id="veh230" type="veh_passenger" depart="1723.17" departLane="best" departSpeed="max" from="360938627#0" to="232064218#4"/>
    <trip id="veh231" type="veh_passenger" depart="1730.66" departLane="best" from="465064352#1" to="396388567#1"/>
    <trip id="veh232" type="veh_passenger" depart="1738.16" departLane="best" departSpeed="max" from="360938627#0" to="554554486#0"/>
    <trip id="veh233" type="veh_passenger" depart="1745.65" departLane="best" from="239921367#3" to="458003900"/>
    <trip id="veh234" type="veh_passenger" depart="1753.14" departLane="best" from="471132227" to="980733856"/>
    <trip id="veh235" type="veh_passenger" depart="1760.63" departLane="best" from="362635571" to="231295698#0"/>
    <trip id="veh236" type="veh_passenger" depart="1768.13" departLane="best" departSpeed="max" from="1228261601" to="368091950#0"/>
    <trip id="veh237" type="veh_passenger" depart="1775.62" departLane="best" departSpeed="max" from="360938627#0" to="-396388561#0"/>
    <trip id="veh238" type="veh_passenger" depart="1783.11" departLane="best" departSpeed="max" from="344153354" to="-458003896"/>
    <trip id="veh239" type="veh_passenger" depart="1790.60" departLane="best" departSpeed="max" from="474643000" to="360935210"/>
    <trip id="veh240" type="veh_passenger" depart="1798.09" departLane="best" from="396388575#0" to="360935210"/>
    <trip id="veh242" type="veh_passenger" depart="1813.08" departLane="best" from="980733857#0" to="231295698#0"/>
    <trip id="veh243" type="veh_passenger" depart="1820.57" departLane="best" from="547090203#1" to="360935210"/>
    <trip id="veh244" type="veh_passenger" depart="1828.06" departLane="best" from="231292994#1" to="50301275#0"/>
    <trip id="veh246" type="veh_passenger" depart="1843.05" departLane="best" from="231292994#2" to="231295698#3"/>
    <trip id="veh248" type="veh_passenger" depart="1858.03" departLane="best" departSpeed="max" from="360938627#0" to="231958642#2"/>
    <trip id="veh249" type="veh_passenger" depart="1865.52" departLane="best" departSpeed="max" from="360938627#0" to="362635577"/>
    <trip id="veh250" type="veh_passenger" depart="1873.01" departLane="best" from="341783022#1" to="231958642#2"/>
    <trip id="veh251" type="veh_passenger" depart="1880.51" departLane="best" departSpeed="max" from="373419659" to="503896685"/>
    <trip id="veh252" type="veh_passenger" depart="1888.00" departLane="best" from="-193406092#2" to="360935210"/>
    <trip id="veh253" type="veh_passenger" depart="1895.49" departLane="best" departSpeed="max" from="360938965#0" to="547090203#1"/>
    <trip id="veh255" type="veh_passenger" depart="1910.47" departLane="best" departSpeed="max" from="344153354" to="980733855#0"/>
    <trip id="veh256" type="veh_passenger" depart="1917.97" departLane="best" from="232064217#1" to="474821610"/>
    <trip id="veh257" type="veh_passenger" depart="1925.46" departLane="best" from="232064218#2" to="231958642#1"/>
    <trip id="veh258" type="veh_passenger" depart="1932.95" departLane="best" from="396388575#0" to="474821610"/>
    <trip id="veh259" type="veh_passenger" depart="1940.44" departLane="best" from="50301275#2" to="193406092#1"/>
    <trip id="veh260" type="veh_passenger" depart="1947.93" departLane="best" from="50301275#2" to="239921367#3"/>
    <trip id="veh261" type="veh_passenger" depart="1955.43" departLane="best" from="-396388561#1" to="50301275#0"/>
    <trip id="veh263" type="veh_passenger" depart="1970.41" departLane="best" departSpeed="max" from="-499724241" to="362635571"/>
    <trip id="veh264" type="veh_passenger" depart="1977.90" departLane="best" departSpeed="max" from="360938627#0" to="50301275#0"/>
    <trip id="veh265" type="veh_passenger" depart="1985.39" departLane="best" departSpeed="max" from="1228261601" to="-373419659"/>
    <trip id="veh266" type="veh_passenger" depart="1992.89" departLane="best" from="50301275#2" to="396388567#1"/>
    <trip id="veh267" type="veh_passenger" depart="2000.38" departLane="best" departSpeed="max" from="-499724241" to="341783022#1"/>
    <trip id="veh268" type="veh_passenger" depart="2007.87" departLane="best" from="204414168" to="231295698#3"/>
    <trip id="veh269" type="veh_passenger" depart="2015.36" departLane="best" from="-193133880#0" to="50301275#1"/>
    <trip id="veh270" type="veh_passenger" depart="2022.85" departLane="best" departSpeed="max" from="1228261601" to="239921367#3"/>
    <trip id="veh271" type="veh_passenger" depart="2030.35" departLane="best" from="232064217#1" to="368091971#1"/>
    <trip id="veh272" type="veh_passenger" depart="2037.84" departLane="best" from="193132133" to="232064218#2"/>
    <trip id="veh274" type="veh_passenger" depart="2052.82" departLane="best" from="980733856" to="396388573"/>
    <trip id="veh277" type="veh_passenger" depart="2075.30" departLane="best" from="368091953" to="396388567#1"/>
    <trip id="veh280" type="veh_passenger" depart="2097.78" departLane="best" from="368091950#0" to="551951250"/>
    <trip id="veh282" type="veh_passenger" depart="2112.76" departLane="best" from="239921367#3" to="368091971#0"/>
    <trip id="veh283" type="veh_passenger" depart="2120.25" departLane="best" from="50301275#2" to="-396388561#0"/>
    <trip id="veh285" type="veh_passenger" depart="2135.24" departLane="best" departSpeed="max" from="360938627#0" to="551951250"/>
    <trip id="veh286" type="veh_passenger" depart="2142.73" departLane="best" departSpeed="max" from="474643000" to="231295698#3"/>
    <trip id="veh287" type="veh_passenger" depart="2150.22" departLane="best" departSpeed="max" from="474643000" to="360935210"/>
    <trip id="veh288" type="veh_passenger" depart="2157.71" departLane="best" departSpeed="max" from="474643000" to="-458003902"/>
    <trip id="veh289" type="veh_passenger" depart="2165.20" departLane="best" from="556516580#0" to="-990433207"/>
    <trip id="veh290" type="veh_passenger" depart="2172.70" departLane="best" from="50301275#2" to="980733857#0"/>
    <trip id="veh291" type="veh_passenger" depart="2180.19" departLane="best" from="-193133880#1" to="362635573"/>
    <trip id="veh292" type="veh_passenger" depart="2187.68" departLane="best" from="341783022#1" to="396388575#0"/>
    <trip id="veh293" type="veh_passenger" depart="2195.17" departLane="best" departSpeed="max" from="373419659" to="368091971#1"/>
    <trip id="veh294" type="veh_passenger" depart="2202.66" departLane="best" from="50783252" to="231292994#2"/>
    <trip id="veh295" type="veh_passenger" depart="2210.16" departLane="best" departSpeed="max" from="360938627#0" to="551951250"/>
    <trip id="veh296" type="veh_passenger" depart="2217.65" departLane="best" from="193133881#1" to="-344153354"/>
    <trip id="veh297" type="veh_passenger" depart="2225.14" departLane="best" departSpeed="max" from="474643000" to="551951250"/>
    <trip id="veh299" type="veh_passenger" depart="2240.12" departLane="best" departSpeed="max" from="-499724241" to="554557929#0"/>
    <trip id="veh300" type="veh_passenger" depart="2247.62" departLane="best" from="231958642#0" to="360935210"/>
    <trip id="veh301" type="veh_passenger" depart="2255.11" departLane="best" departSpeed="max" from="-396388573" to="551951250"/>
    <trip id="veh302" type="veh_passenger" depart="2262.60" departLane="best" departSpeed="max" from="-499724241" to="341783022#1"/>
    <trip id="veh303" type="veh_passenger" depart="2270.09" departLane="best" departSpeed="max" from="373419659" to="471132224"/>
    <trip id="veh304" type="veh_passenger" depart="2277.58" departLane="best" from="465064352#0" to="193133880#0"/>
    <trip id="veh305" type="veh_passenger" depart="2285.08" departLane="best" from="232064218#4" to="-396388564"/>
    <trip id="veh306" type="veh_passenger" depart="2292.57" departLane="best" departSpeed="max" from="-396388573" to="474821610"/>
    <trip id="veh307" type="veh_passenger" depart="2300.06" departLane="best" from="232064217#4" to="232064218#3"/>
    <trip id="veh308" type="veh_passenger" depart="2307.55" departLane="best" departSpeed="max" from="373419659" to="396388569#0"/>
    <trip id="veh309" type="veh_passenger" depart="2315.05" departLane="best" from="471132227" to="231295698#0"/>
    <trip id="veh310" type="veh_passenger" depart="2322.54" departLane="best" from="-471132224" to="368091953"/>
    <trip id="veh311" type="veh_passenger" depart="2330.03" departLane="best" departSpeed="max" from="-396388567#1" to="474821610"/>
    <trip id="veh312" type="veh_passenger" depart="2337.52" departLane="best" from="50301275#2" to="231958642#2"/>
    <trip id="veh313" type="veh_passenger" depart="2345.01" departLane="best" departSpeed="max" from="-499724241" to="-458003902"/>
    <trip id="veh314" type="veh_passenger" depart="2352.51" departLane="best" from="204414168" to="-396388565"/>
    <trip id="veh316" type="veh_passenger" depart="2367.49" departLane="best" from="-193133880#1" to="50301275#0"/>
    <trip id="veh317" type="veh_passenger" depart="2374.98" departLane="best" departSpeed="max" from="1228261601" to="-344153354"/>
    <trip id="veh318" type="veh_passenger" depart="2382.47" departLane="best" from="465064352#0" to="360935210"/>
    <trip id="veh319" type="veh_passenger" depart="2389.97" departLane="best" from="465064352#2" to="360935210"/>
    <trip id="veh320" type="veh_passenger" depart="2397.46" departLane="best" from="50783252" to="360935210"/>
    <trip id="veh321" type="veh_passenger" depart="2404.95" departLane="best" from="471132224" to="547090203#1"/>
    <trip id="veh322" type="veh_passenger" depart="2412.44" departLane="best" from="396388561#0" to="360935210"/>
    <trip id="veh323" type="veh_passenger" depart="2419.93" departLane="best" from="547090203#0" to="-373419659"/>
    <trip id="veh324" type="veh_passenger" depart="2427.43" departLane="best" departSpeed="max" from="-396388567#1" to="231295698#3"/>
    <trip id="veh325" type="veh_passenger" depart="2434.92" departLane="best" from="396388565" to="547090203#0"/>
    <trip id="veh327" type="veh_passenger" depart="2449.90" departLane="best" from="232064217#1" to="341783022#1"/>
    <trip id="veh328" type="veh_passenger" depart="2457.39" departLane="best" from="232064218#4" to="396388561#1"/>
    <trip id="veh329" type="veh_passenger" depart="2464.89" departLane="best" from="547090203#1" to="-373419659"/>
    <trip id="veh330" type="veh_passenger" depart="2472.38" departLane="best" departSpeed="max" from="474643000" to="-396388561#0"/>
    <trip id="veh332" type="veh_passenger" depart="2487.36" departLane="best" departSpeed="max" from="474643000" to="368091950#0"/>
    <trip id="veh333" type="veh_passenger" depart="2494.85" departLane="best" departSpeed="max" from="360938965#0" to="368091950#0"/>
    <trip id="veh334" type="veh_passenger" depart="2502.35" departLane="best" from="232064217#3" to="396388573"/>
    <trip id="veh335" type="veh_passenger" depart="2509.84" departLane="best" departSpeed="max" from="360938965#0" to="231292994#0"/>
    <trip id="veh336" type="veh_passenger" depart="2517.33" departLane="best" from="50783252" to="547090203#0"/>
    <trip id="veh337" type="veh_passenger" depart="2524.82" departLane="best" departSpeed="max" from="360938627#0" to="50301275#1"/>
    <trip id="veh338" type="veh_passenger" depart="2532.31" departLane="best" departSpeed="max" from="474643000" to="-396388565"/>
    <trip id="veh339" type="veh_passenger" depart="2539.81" departLane="best" from="231292994#0" to="193406092#1"/>
    <trip id="veh340" type="veh_passenger" depart="2547.30" departLane="best" from="396388565" to="231958642#0"/>
    <trip id="veh341" type="veh_passenger" depart="2554.79" departLane="best" from="50301275#2" to="368091953"/>
    <trip id="veh342" type="veh_passenger" depart="2562.28" departLane="best" from="232064218#3" to="193132133"/>
    <trip id="veh343" type="veh_passenger" depart="2569.77" departLane="best" from="465064352#0" to="231292994#0"/>
    <trip id="veh344" type="veh_passenger" depart="2577.27" departLane="best" from="465064352#2" to="368091953"/>
    <trip id="veh345" type="veh_passenger" depart="2584.76" departLane="best" departSpeed="max" from="1228261601" to="396388567#1"/>
    <trip id="veh346" type="veh_passenger" depart="2592.25" departLane="best" departSpeed="max" from="373419659" to="231295698#3"/>
    <trip id="veh347" type="veh_passenger" depart="2599.74" departLane="best" from="239921367#3" to="231295698#3"/>
    <trip id="veh348" type="veh_passenger" depart="2607.24" departLane="best" from="465064352#1" to="-410386159"/>
    <trip id="veh349" type="veh_passenger" depart="2614.73" departLane="best" from="239921367#2" to="231295698#3"/>
    <trip id="veh350" type="veh_passenger" depart="2622.22" departLane="best" departSpeed="max" from="373419659" to="360935210"/>
    <trip id="veh351" type="veh_passenger" depart="2629.71" departLane="best" departSpeed="max" from="373419659" to="-344153354"/>
    <trip id="veh352" type="veh_passenger" depart="2637.20" departLane="best" from="232064218#3" to="396388561#1"/>
    <trip id="veh354" type="veh_passenger" depart="2652.19" departLane="best" from="-193133879#1" to="-458003902"/>
    <trip id="veh355" type="veh_passenger" depart="2659.68" departLane="best" departSpeed="max" from="1228261601" to="232064218#0"/>
    <trip id="veh356" type="veh_passenger" depart="2667.17" departLane="best" from="396388565" to="360935210"/>
    <trip id="veh357" type="veh_passenger" depart="2674.66" departLane="best" departSpeed="max" from="-396388567#1" to="547090203#1"/>
    <trip id="veh358" type="veh_passenger" depart="2682.16" departLane="best" departSpeed="max" from="360938965#0" to="368091971#0"/>
    <trip id="veh359" type="veh_passenger" depart="2689.65" departLane="best" from="232064217#1" to="50301275#1"/>
    <trip id="veh361" type="veh_passenger" depart="2704.63" departLane="best" from="547090203#1" to="-373419659"/>
    <trip id="veh362" type="veh_passenger" depart="2712.12" departLane="best" from="474821610" to="231295698#0"/>
    <trip id="veh363" type="veh_passenger" depart="2719.62" departLane="best" from="232064218#3" to="231958642#1"/>
    <trip id="veh364" type="veh_passenger" depart="2727.11" departLane="best" departSpeed="max" from="1228261601" to="360935210"/>
    <trip id="veh365" type="veh_passenger" depart="2734.60" departLane="best" from="-458003896" to="360935210"/>
    <trip id="veh366" type="veh_passenger" depart="2742.09" departLane="best" departSpeed="max" from="474643000" to="231295698#0"/>
    <trip id="veh367" type="veh_passenger" depart="2749.58" departLane="best" departSpeed="max" from="-499724241" to="204414168"/>
    <trip id="veh368" type="veh_passenger" depart="2757.08" departLane="best" from="362635571" to="474821610"/>
    <trip id="veh370" type="veh_passenger" depart="2772.06" departLane="best" from="465064352#2" to="360935210"/>
    <trip id="veh371" type="veh_passenger" depart="2779.55" departLane="best" departSpeed="max" from="360938627#0" to="396388567#1"/>
    <trip id="veh372" type="veh_passenger" depart="2787.04" departLane="best" from="231958642#0" to="231295698#3"/>
    <trip id="veh373" type="veh_passenger" depart="2794.54" departLane="best" from="193269585" to="360935210"/>
    <trip id="veh374" type="veh_passenger" depart="2802.03" departLane="best" from="231958642#0" to="341783022#1"/>
    <trip id="veh376" type="veh_passenger" depart="2817.01" departLane="best" departSpeed="max" from="-396388567#1" to="547090203#1"/>
    <trip id="veh377" type="veh_passenger" depart="2824.50" departLane="best" from="50301275#1" to="-396388565"/>
    <trip id="veh378" type="veh_passenger" depart="2832.00" departLane="best" departSpeed="max" from="360938627#0" to="50301275#0"/>
    <trip id="veh379" type="veh_passenger" depart="2839.49" departLane="best" departSpeed="max" from="474643000" to="396388573"/>
    <trip id="veh380" type="veh_passenger" depart="2846.98" departLane="best" from="232064217#1" to="360935210"/>
    <trip id="veh381" type="veh_passenger" depart="2854.47" departLane="best" from="-990433207" to="-344153354"/>
    <trip id="veh382" type="veh_passenger" depart="2861.97" departLane="best" departSpeed="max" from="-396388573" to="551951250"/>
    <trip id="veh385" type="veh_passenger" depart="2884.44" departLane="best" from="239921367#3" to="360938965#1"/>
    <trip id="veh386" type="veh_passenger" depart="2891.93" departLane="best" departSpeed="max" from="1228261601" to="232064218#0"/>
    <trip id="veh387" type="veh_passenger" depart="2899.43" departLane="best" from="471132227" to="396388569#0"/>
    <trip id="veh388" type="veh_passenger" depart="2906.92" departLane="best" departSpeed="max" from="-396388567#1" to="396388561#1"/>
    <trip id="veh389" type="veh_passenger" depart="2914.41" departLane="best" departSpeed="max" from="373419659" to="231295698#3"/>
    <trip id="veh390" type="veh_passenger" depart="2921.90" departLane="best" from="50301275#2" to="396388573"/>
    <trip id="veh391" type="veh_passenger" depart="2929.39" departLane="best" from="547090203#0" to="551951250"/>
    <trip id="veh392" type="veh_passenger" depart="2936.89" departLane="best" from="232064217#0" to="368091971#1"/>
    <trip id="veh394" type="veh_passenger" depart="2951.87" departLane="best" from="232064218#3" to="396388561#0"/>
    <trip id="veh395" type="veh_passenger" depart="2959.36" departLane="best" departSpeed="max" from="474643000" to="396388573"/>
    <trip id="veh396" type="veh_passenger" depart="2966.85" departLane="best" departSpeed="max" from="1228261601" to="231292994#0"/>
    <trip id="veh397" type="veh_passenger" depart="2974.35" departLane="best" from="547090203#1" to="360935210"/>
    <trip id="veh398" type="veh_passenger" depart="2981.84" departLane="best" departSpeed="max" from="-396388573" to="499724241"/>
    <trip id="veh399" type="veh_passenger" depart="2989.33" departLane="best" from="474821610" to="551951250"/>
    <trip id="veh400" type="veh_passenger" depart="2996.82" departLane="best" from="-193406092#2" to="232064217#0"/>
    <trip id="veh401" type="veh_passenger" depart="3004.31" departLane="best" from="465064352#1" to="-458003902"/>
    <trip id="veh402" type="veh_passenger" depart="3011.81" departLane="best" departSpeed="max" from="474643000" to="499724241"/>
    <trip id="veh403" type="veh_passenger" depart="3019.30" departLane="best" departSpeed="max" from="474643000" to="193133881#1"/>
    <trip id="veh404" type="veh_passenger" depart="3026.79" departLane="best" departSpeed="max" from="373419659" to="231295698#0"/>
    <trip id="veh405" type="veh_passenger" depart="3034.28" departLane="best" from="341783022#1" to="231295698#3"/>
    <trip id="veh406" type="veh_passenger" depart="3041.77" departLane="best" departSpeed="max" from="360938627#0" to="231958642#0"/>
    <trip id="veh407" type="veh_passenger" depart="3049.27" departLane="best" departSpeed="max" from="344153354" to="231295698#3"/>
    <trip id="veh408" type="veh_passenger" depart="3056.76" departLane="best" departSpeed="max" from="474643000" to="-990433207"/>
    <trip id="veh409" type="veh_passenger" depart="3064.25" departLane="best" from="204414168" to="396388569#0"/>
    <trip id="veh410" type="veh_passenger" depart="3071.74" departLane="best" departSpeed="max" from="-396388573" to="547090203#0"/>
    <trip id="veh411" type="veh_passenger" depart="3079.23" departLane="best" from="50301275#0" to="231295698#3"/>
    <trip id="veh412" type="veh_passenger" depart="3086.73" departLane="best" from="465064352#1" to="231295698#3"/>
    <trip id="veh413" type="veh_passenger" depart="3094.22" departLane="best" from="193133881#1" to="341783022#1"/>
    <trip id="veh414" type="veh_passenger" depart="3101.71" departLane="best" from="193269585" to="360935210"/>
    <trip id="veh415" type="veh_passenger" depart="3109.20" departLane="best" from="554554486#0" to="50783252"/>
    <trip id="veh416" type="veh_passenger" depart="3116.70" departLane="best" departSpeed="max" from="474643000" to="458003900"/>
    <trip id="veh418" type="veh_passenger" depart="3131.68" departLane="best" from="341783022#1" to="-193133879#1"/>
    <trip id="veh419" type="veh_passenger" depart="3139.17" departLane="best" departSpeed="max" from="-396388567#1" to="231295698#3"/>
    <trip id="veh420" type="veh_passenger" depart="3146.66" departLane="best" from="474821610" to="368091925"/>
    <trip id="veh421" type="veh_passenger" depart="3154.16" departLane="best" from="-458003896" to="231295698#3"/>
    <trip id="veh423" type="veh_passenger" depart="3169.14" departLane="best" from="-193133880#1" to="360935210"/>
    <trip id="veh424" type="veh_passenger" depart="3176.63" departLane="best" from="239921367#2" to="-396388565"/>
    <trip id="veh425" type="veh_passenger" depart="3184.12" departLane="best" from="193406092#2" to="232064218#4"/>
    <trip id="veh426" type="veh_passenger" depart="3191.62" departLane="best" from="980733856" to="-373419659"/>
    <trip id="veh427" type="veh_passenger" depart="3199.11" departLane="best" from="204414168" to="-193133880#1"/>
    <trip id="veh428" type="veh_passenger" depart="3206.60" departLane="best" from="471132227" to="232064217#1"/>
    <trip id="veh429" type="veh_passenger" depart="3214.09" departLane="best" from="50301275#2" to="396388567#1"/>
    <trip id="veh430" type="veh_passenger" depart="3221.58" departLane="best" from="232064217#0" to="-344153354"/>
    <trip id="veh431" type="veh_passenger" depart="3229.08" departLane="best" departSpeed="max" from="360938627#0" to="50301275#2"/>
    <trip id="veh432" type="veh_passenger" depart="3236.57" departLane="best" departSpeed="max" from="344153354" to="458003900"/>
    <trip id="veh433" type="veh_passenger" depart="3244.06" departLane="best" departSpeed="max" from="-396388567#1" to="499724241"/>
    <trip id="veh434" type="veh_passenger" depart="3251.55" departLane="best" departSpeed="max" from="344153354" to="231295698#3"/>
    <trip id="veh435" type="veh_passenger" depart="3259.04" departLane="best" from="-396388561#0" to="204414168"/>
    <trip id="veh436" type="veh_passenger" depart="3266.54" departLane="best" from="-396388561#0" to="554554486#1"/>
    <trip id="veh438" type="veh_passenger" depart="3281.52" departLane="best" departSpeed="max" from="360938627#0" to="231295698#2"/>
    <trip id="veh439" type="veh_passenger" depart="3289.01" departLane="best" from="465064352#0" to="199421786"/>
    <trip id="veh440" type="veh_passenger" depart="3296.50" departLane="best" from="50301275#2" to="232064217#0"/>
    <trip id="veh441" type="veh_passenger" depart="3304.00" departLane="best" from="-471132224" to="232064218#0"/>
    <trip id="veh442" type="veh_passenger" depart="3311.49" departLane="best" from="50676753" to="471132224"/>
    <trip id="veh443" type="veh_passenger" depart="3318.98" departLane="best" from="50783252" to="232064218#2"/>
    <trip id="veh444" type="veh_passenger" depart="3326.47" departLane="best" from="50301275#2" to="-373419659"/>
    <trip id="veh445" type="veh_passenger" depart="3333.96" departLane="best" departSpeed="max" from="360938627#0" to="231958642#2"/>
    <trip id="veh446" type="veh_passenger" depart="3341.46" departLane="best" from="231958642#0" to="396388562"/>
    <trip id="veh447" type="veh_passenger" depart="3348.95" departLane="best" from="232064217#3" to="-344153354"/>
    <trip id="veh448" type="veh_passenger" depart="3356.44" departLane="best" from="50301275#2" to="232064217#3"/>
    <trip id="veh449" type="veh_passenger" depart="3363.93" departLane="best" from="990433207" to="231295698#3"/>
    <trip id="veh450" type="veh_passenger" depart="3371.42" departLane="best" from="232064217#4" to="50301275#1"/>
    <trip id="veh451" type="veh_passenger" depart="3378.92" departLane="best" departSpeed="max" from="373419659" to="554557929#0"/>
    <trip id="veh452" type="veh_passenger" depart="3386.41" departLane="best" departSpeed="max" from="-499724241" to="-396388564"/>
    <trip id="veh453" type="veh_passenger" depart="3393.90" departLane="best" departSpeed="max" from="-396388567#1" to="499724241"/>
    <trip id="veh454" type="veh_passenger" depart="3401.39" departLane="best" departSpeed="max" from="360938627#0" to="396388562"/>
    <trip id="veh455" type="veh_passenger" depart="3408.89" departLane="best" departSpeed="max" from="373419659" to="554557929#0"/>
    <trip id="veh456" type="veh_passenger" depart="3416.38" departLane="best" departSpeed="max" from="360938627#0" to="362635571"/>
    <trip id="veh457" type="veh_passenger" depart="3423.87" departLane="best" from="232064218#3" to="396388573"/>
    <trip id="veh458" type="veh_passenger" depart="3431.36" departLane="best" from="204414168" to="-410386159"/>
    <trip id="veh459" type="veh_passenger" depart="3438.85" departLane="best" from="396388579" to="360935210"/>
    <trip id="veh460" type="veh_passenger" depart="3446.35" departLane="best" from="231292994#0" to="231295698#3"/>
    <trip id="veh461" type="veh_passenger" depart="3453.84" departLane="best" from="341783022#1" to="-990433207"/>
    <trip id="veh463" type="veh_passenger" depart="3468.82" departLane="best" departSpeed="max" from="-396388573" to="474821610"/>
    <trip id="veh464" type="veh_passenger" depart="3476.31" departLane="best" from="474821610" to="231958642#2"/>
    <trip id="veh465" type="veh_passenger" depart="3483.81" departLane="best" from="232064217#3" to="-344153354"/>
    <trip id="veh466" type="veh_passenger" depart="3491.30" departLane="best" departSpeed="max" from="360938627#0" to="551951250"/>
    <trip id="veh467" type="veh_passenger" depart="3498.79" departLane="best" from="554554486#0" to="396388567#1"/>
    <trip id="veh468" type="veh_passenger" depart="3506.28" departLane="best" departSpeed="max" from="474643000" to="360935210"/>
    <trip id="veh469" type="veh_passenger" depart="3513.77" departLane="best" departSpeed="max" from="-499724241" to="50301275#0"/>
    <trip id="veh470" type="veh_passenger" depart="3521.27" departLane="best" departSpeed="max" from="360938627#0" to="-396388565"/>
    <trip id="veh471" type="veh_passenger" depart="3528.76" departLane="best" departSpeed="max" from="-396388573" to="231958642#0"/>
    <trip id="veh474" type="veh_passenger" depart="3551.23" departLane="best" departSpeed="max" from="474643000" to="-373419659"/>
    <trip id="veh475" type="veh_passenger" depart="3558.73" departLane="best" from="341783022#1" to="396388575#1"/>
    <trip id="veh476" type="veh_passenger" depart="3566.22" departLane="best" from="465064352#2" to="396388569#0"/>
    <trip id="veh477" type="veh_passenger" depart="3573.71" departLane="best" departSpeed="max" from="1228261601" to="980733855#0"/>
    <trip id="veh478" type="veh_passenger" depart="3581.20" departLane="best" from="239921367#2" to="551951250"/>
    <trip id="veh480" type="veh_passenger" depart="3596.19" departLane="best" from="232064217#1" to="554557929#0"/>
</routes>
